painting,paintingLabel,creator,creatorLabel,movement,movementLabel,museum,museumLabel,image
http://www.wikidata.org/entity/Q9074362,Santo Domingo de Silos (Bartolomé Bermejo),http://www.wikidata.org/entity/Q3821456,Martín Bernat,http://www.wikidata.org/entity/Q4692,Renacimiento,http://www.wikidata.org/entity/Q160112,Museo del Prado,http://commons.wikimedia.org/wiki/Special:FilePath/Santo%20Domingo%20de%20Silos%20entronizado%20como%20obispo%2C%20por%20Bartolom%C3%A9%20Bermejo.jpg
http://www.wikidata.org/entity/Q27697128,Fernando I de Castilla acogiendo a Santo Domingo de Silos,http://www.wikidata.org/entity/Q3821456,Martín Bernat,http://www.wikidata.org/entity/Q4692,Renacimiento,http://www.wikidata.org/entity/Q160112,Museo del Prado,http://commons.wikimedia.org/wiki/Special:FilePath/Bernat-bermejo%20fernando%20I%20castilla.jpg
http://www.wikidata.org/entity/Q61911383,Altarpiece of Santo Domingo de Silos,http://www.wikidata.org/entity/Q3821456,Martín Bernat,http://www.wikidata.org/entity/Q4692,Renacimiento,http://www.wikidata.org/entity/Q160112,Museo del Prado,http://commons.wikimedia.org/wiki/Special:FilePath/B.Bermejo%20ret.St.Domingo%20Silos%20hipotesi%204130.jpg
http://www.wikidata.org/entity/Q2088930,La lechera de Burdeos,http://www.wikidata.org/entity/Q5432,Francisco de Goya,http://www.wikidata.org/entity/Q14378,neoclasicismo,http://www.wikidata.org/entity/Q160112,Museo del Prado,http://commons.wikimedia.org/wiki/Special:FilePath/Goya%20MilkMaid.jpg
http://www.wikidata.org/entity/Q3937421,Los duques de Osuna y sus hijos,http://www.wikidata.org/entity/Q5432,Francisco de Goya,http://www.wikidata.org/entity/Q14378,neoclasicismo,http://www.wikidata.org/entity/Q160112,Museo del Prado,http://commons.wikimedia.org/wiki/Special:FilePath/Los%20duques%20de%20Osuna%20y%20sus%20hijos.jpg
http://www.wikidata.org/entity/Q5796865,Cómicos ambulantes,http://www.wikidata.org/entity/Q5432,Francisco de Goya,http://www.wikidata.org/entity/Q14378,neoclasicismo,http://www.wikidata.org/entity/Q160112,Museo del Prado,http://commons.wikimedia.org/wiki/Special:FilePath/C%C3%B3micos%20ambulantes.jpg
http://www.wikidata.org/entity/Q9018501,La Duquesa de Alba y la Beata,http://www.wikidata.org/entity/Q5432,Francisco de Goya,http://www.wikidata.org/entity/Q14378,neoclasicismo,http://www.wikidata.org/entity/Q160112,Museo del Prado,http://commons.wikimedia.org/wiki/Special:FilePath/La%20duquesa%20de%20Alba%20y%20la%20Beata.jpg
http://www.wikidata.org/entity/Q23906730,Marina a la matinada,http://www.wikidata.org/entity/Q3028747,Dionisio Baixeras,http://www.wikidata.org/entity/Q34636,modernismo,http://www.wikidata.org/entity/Q428559,Museo de Montserrat,http://commons.wikimedia.org/wiki/Special:FilePath/Baixeras%20-%20Marina%20de%20matinada.jpg
http://www.wikidata.org/entity/Q23906731,Pageseta,http://www.wikidata.org/entity/Q3028747,Dionisio Baixeras,http://www.wikidata.org/entity/Q34636,modernismo,http://www.wikidata.org/entity/Q428559,Museo de Montserrat,http://commons.wikimedia.org/wiki/Special:FilePath/Baixeras%20-%20pageseta.jpg
http://www.wikidata.org/entity/Q23906736,Gabrielle,http://www.wikidata.org/entity/Q3081026,Francisco Miralles Galup,http://www.wikidata.org/entity/Q34636,modernismo,http://www.wikidata.org/entity/Q428559,Museo de Montserrat,http://commons.wikimedia.org/wiki/Special:FilePath/Francesc%20Miralles%20-%20Gabrielle.jpg
http://www.wikidata.org/entity/Q23906738,Jeanne,http://www.wikidata.org/entity/Q3544236,Joan Brull,http://www.wikidata.org/entity/Q34636,modernismo,http://www.wikidata.org/entity/Q428559,Museo de Montserrat,http://commons.wikimedia.org/wiki/Special:FilePath/Jeanne%20-%20Joan%20Brull%20i%20Vinyoles%20%281863-1912%29.jpg
http://www.wikidata.org/entity/Q23906741,Riallera,http://www.wikidata.org/entity/Q3544236,Joan Brull,http://www.wikidata.org/entity/Q34636,modernismo,http://www.wikidata.org/entity/Q428559,Museo de Montserrat,http://commons.wikimedia.org/wiki/Special:FilePath/Riallera%20-%20Joan%20Brull%20i%20Vinyoles%20%281863-1912%29.jpg
http://www.wikidata.org/entity/Q23906742,Somrient,http://www.wikidata.org/entity/Q3544236,Joan Brull,http://www.wikidata.org/entity/Q34636,modernismo,http://www.wikidata.org/entity/Q428559,Museo de Montserrat,http://commons.wikimedia.org/wiki/Special:FilePath/Primavera%20-%20Joan%20Brull%20i%20Vinyoles%20%281863-1912%29%20-%200.jpg
http://www.wikidata.org/entity/Q23906744,Seriosa,http://www.wikidata.org/entity/Q3544236,Joan Brull,http://www.wikidata.org/entity/Q34636,modernismo,http://www.wikidata.org/entity/Q428559,Museo de Montserrat,http://commons.wikimedia.org/wiki/Special:FilePath/Seriosa%20-%20Joan%20Brull%20i%20Vinyoles%20%281863-1912%29.jpg
http://www.wikidata.org/entity/Q23906745,Un regiment en marxa,http://www.wikidata.org/entity/Q11039545,Josep Cusachs,http://www.wikidata.org/entity/Q34636,modernismo,http://www.wikidata.org/entity/Q428559,Museo de Montserrat,http://commons.wikimedia.org/wiki/Special:FilePath/Josep%20Cusachs%20-%20regiment%20en%20marxa.jpg
http://www.wikidata.org/entity/Q23906746,A l'hipòdrom,http://www.wikidata.org/entity/Q11039545,Josep Cusachs,http://www.wikidata.org/entity/Q34636,modernismo,http://www.wikidata.org/entity/Q428559,Museo de Montserrat,http://commons.wikimedia.org/wiki/Special:FilePath/Josep%20Cusachs%20-%20Hip%C3%B2drom.jpg
http://www.wikidata.org/entity/Q23906763,La Parisenca,http://www.wikidata.org/entity/Q725681,Ramón Casas,http://www.wikidata.org/entity/Q34636,modernismo,http://www.wikidata.org/entity/Q428559,Museo de Montserrat,http://commons.wikimedia.org/wiki/Special:FilePath/Ramon%20Casas%20i%20Carb%C3%B3%20-%2002.jpg
http://www.wikidata.org/entity/Q23907036,Gitana amb mantó vermell,http://www.wikidata.org/entity/Q725681,Ramón Casas,http://www.wikidata.org/entity/Q34636,modernismo,http://www.wikidata.org/entity/Q428559,Museo de Montserrat,http://commons.wikimedia.org/wiki/Special:FilePath/Ramon%20Casas%20-%20Gitana%20amb%20mant%C3%B3%20vermell.jpg
http://www.wikidata.org/entity/Q23907042,El mocador groc,http://www.wikidata.org/entity/Q725681,Ramón Casas,http://www.wikidata.org/entity/Q34636,modernismo,http://www.wikidata.org/entity/Q428559,Museo de Montserrat,http://commons.wikimedia.org/wiki/Special:FilePath/Ramon%20Casas%20i%20Carb%C3%B3%20-%20El%20panuelo%20amarillo.jpg
http://www.wikidata.org/entity/Q23907057,Cordova woman,http://www.wikidata.org/entity/Q725681,Ramón Casas,http://www.wikidata.org/entity/Q34636,modernismo,http://www.wikidata.org/entity/Q428559,Museo de Montserrat,http://commons.wikimedia.org/wiki/Special:FilePath/Montserrat%20Museum%20Casas%20Cordova%20woman.jpg
http://www.wikidata.org/entity/Q23907070,Nun,http://www.wikidata.org/entity/Q725681,Ramón Casas,http://www.wikidata.org/entity/Q34636,modernismo,http://www.wikidata.org/entity/Q428559,Museo de Montserrat,http://commons.wikimedia.org/wiki/Special:FilePath/Montserrat%20Museum%20Casas%20Nun.jpg
http://www.wikidata.org/entity/Q23907077,Julia,http://www.wikidata.org/entity/Q725681,Ramón Casas,http://www.wikidata.org/entity/Q34636,modernismo,http://www.wikidata.org/entity/Q428559,Museo de Montserrat,http://commons.wikimedia.org/wiki/Special:FilePath/Montserrat%20Museum%20Casas%20Julia.jpg
http://www.wikidata.org/entity/Q23907098,Autoretrat,http://www.wikidata.org/entity/Q725681,Ramón Casas,http://www.wikidata.org/entity/Q34636,modernismo,http://www.wikidata.org/entity/Q428559,Museo de Montserrat,http://commons.wikimedia.org/wiki/Special:FilePath/Ramon%20Casas%20autorretrat1920.jpg
http://www.wikidata.org/entity/Q23907105,Bullring,http://www.wikidata.org/entity/Q725681,Ramón Casas,http://www.wikidata.org/entity/Q34636,modernismo,http://www.wikidata.org/entity/Q428559,Museo de Montserrat,http://commons.wikimedia.org/wiki/Special:FilePath/Montserrat%20Museum%20Casas%20Bullring.jpg
http://www.wikidata.org/entity/Q23907119,Club de regates de Barcelona,http://www.wikidata.org/entity/Q725681,Ramón Casas,http://www.wikidata.org/entity/Q34636,modernismo,http://www.wikidata.org/entity/Q428559,Museo de Montserrat,http://commons.wikimedia.org/wiki/Special:FilePath/Casas-club-de-regatas.jpg
http://www.wikidata.org/entity/Q23907161,Sortida del Liceu,http://www.wikidata.org/entity/Q16626156,Román Ribera Cirera,http://www.wikidata.org/entity/Q34636,modernismo,http://www.wikidata.org/entity/Q428559,Museo de Montserrat,http://commons.wikimedia.org/wiki/Special:FilePath/RiberaLiceuMontserat.jpg
http://www.wikidata.org/entity/Q23907173,Crepuscle. Île Saint-Louis. París,http://www.wikidata.org/entity/Q366930,Santiago Rusiñol,http://www.wikidata.org/entity/Q34636,modernismo,http://www.wikidata.org/entity/Q428559,Museo de Montserrat,http://commons.wikimedia.org/wiki/Special:FilePath/Santiago%20Rusi%C3%B1ol%20-%20Crepuscle.%20%C3%8Ele%20Saint-Louis%20-%20S%201%201766.jpg
http://www.wikidata.org/entity/Q23907180,Rue Norvins. Montmartre,http://www.wikidata.org/entity/Q366930,Santiago Rusiñol,http://www.wikidata.org/entity/Q34636,modernismo,http://www.wikidata.org/entity/Q428559,Museo de Montserrat,http://commons.wikimedia.org/wiki/Special:FilePath/Santiago%20Rusi%C3%B1ol%20-%20Rue%20Norvins.jpg
http://www.wikidata.org/entity/Q23907194,The blue Yard,http://www.wikidata.org/entity/Q366930,Santiago Rusiñol,http://www.wikidata.org/entity/Q34636,modernismo,http://www.wikidata.org/entity/Q428559,Museo de Montserrat,http://commons.wikimedia.org/wiki/Special:FilePath/Rusi%C3%B1olMontserat.jpg
http://www.wikidata.org/entity/Q23907201,Claustre de Tarragona,http://www.wikidata.org/entity/Q366930,Santiago Rusiñol,http://www.wikidata.org/entity/Q34636,modernismo,http://www.wikidata.org/entity/Q428559,Museo de Montserrat,http://commons.wikimedia.org/wiki/Special:FilePath/Santiago%20Rusi%C3%B1ol%20-%20Claustre%20de%20Tarragona%201897.jpg
http://www.wikidata.org/entity/Q23907274,El Generalife. Granada,http://www.wikidata.org/entity/Q366930,Santiago Rusiñol,http://www.wikidata.org/entity/Q34636,modernismo,http://www.wikidata.org/entity/Q428559,Museo de Montserrat,http://commons.wikimedia.org/wiki/Special:FilePath/Santiago%20Rusi%C3%B1ol%20-%20Generalife.jpg
http://www.wikidata.org/entity/Q23907294,La Vall dels Tarongers. Biniaraix (Mallorca),http://www.wikidata.org/entity/Q366930,Santiago Rusiñol,http://www.wikidata.org/entity/Q34636,modernismo,http://www.wikidata.org/entity/Q428559,Museo de Montserrat,http://commons.wikimedia.org/wiki/Special:FilePath/Rusinyol%20el%20valle%20de%20los%20naranjos.jpg
http://www.wikidata.org/entity/Q23907301,El gegant encantat. Montserrat,http://www.wikidata.org/entity/Q366930,Santiago Rusiñol,http://www.wikidata.org/entity/Q34636,modernismo,http://www.wikidata.org/entity/Q428559,Museo de Montserrat,http://commons.wikimedia.org/wiki/Special:FilePath/El%20gegant%20encantat.jpg
http://www.wikidata.org/entity/Q23907309,Interior. Es pot?,http://www.wikidata.org/entity/Q366930,Santiago Rusiñol,http://www.wikidata.org/entity/Q34636,modernismo,http://www.wikidata.org/entity/Q428559,Museo de Montserrat,http://commons.wikimedia.org/wiki/Special:FilePath/Santiago%20Rusi%C3%B1ol%20-%20Interior%2C%20es%20pot.jpg
http://www.wikidata.org/entity/Q23907318,El senyor Bofill a Sitges,http://www.wikidata.org/entity/Q366930,Santiago Rusiñol,http://www.wikidata.org/entity/Q34636,modernismo,http://www.wikidata.org/entity/Q428559,Museo de Montserrat,http://commons.wikimedia.org/wiki/Special:FilePath/Santiago%20Rusi%C3%B1ol%20-%20El%20Senyor%20Bofill%20a%20Sitges.jpg
http://www.wikidata.org/entity/Q23907333,Café des Incohérents,http://www.wikidata.org/entity/Q366930,Santiago Rusiñol,http://www.wikidata.org/entity/Q34636,modernismo,http://www.wikidata.org/entity/Q428559,Museo de Montserrat,http://commons.wikimedia.org/wiki/Special:FilePath/Santiago%20Rusinol%20Cafe%20des%20Incoh%C3%A9rents%201889-1890%20Museum%20Montserrat.jpg
http://www.wikidata.org/entity/Q17519475,Retrato de Gaspar Melchor de Jovellanos,http://www.wikidata.org/entity/Q5432,Francisco de Goya,http://www.wikidata.org/entity/Q14378,neoclasicismo,http://www.wikidata.org/entity/Q160112,Museo del Prado,http://commons.wikimedia.org/wiki/Special:FilePath/Francisco%20de%20Goya%20y%20Lucientes%20-%20Gaspar%20Melchor%20de%20Jovellanos.jpg
http://www.wikidata.org/entity/Q5811810,El garrote vil,http://www.wikidata.org/entity/Q725681,Ramón Casas,http://www.wikidata.org/entity/Q34636,modernismo,http://www.wikidata.org/entity/Q460889,Museo Nacional Centro de Arte Reina Sofía,http://commons.wikimedia.org/wiki/Special:FilePath/Garrote%20vil%2C%20de%20Ram%C3%B3n%20Casas.jpg
http://www.wikidata.org/entity/Q8208907,Au Moulin de la Galette,http://www.wikidata.org/entity/Q725681,Ramón Casas,http://www.wikidata.org/entity/Q34636,modernismo,http://www.wikidata.org/entity/Q428559,Museo de Montserrat,http://commons.wikimedia.org/wiki/Special:FilePath/Au%20Moulin%20de%20la%20Galette.jpg
http://www.wikidata.org/entity/Q9015019,Joven decadente,http://www.wikidata.org/entity/Q725681,Ramón Casas,http://www.wikidata.org/entity/Q34636,modernismo,http://www.wikidata.org/entity/Q428559,Museo de Montserrat,http://commons.wikimedia.org/wiki/Special:FilePath/Jove%20decadent.jpg
http://www.wikidata.org/entity/Q11679864,Antes del baño,http://www.wikidata.org/entity/Q725681,Ramón Casas,http://www.wikidata.org/entity/Q34636,modernismo,http://www.wikidata.org/entity/Q428559,Museo de Montserrat,http://commons.wikimedia.org/wiki/Special:FilePath/Abans%20del%20bany.jpg
http://www.wikidata.org/entity/Q21789836,The little one and the good companion,http://www.wikidata.org/entity/Q4894325,Francisco Gimeno Arasa,http://www.wikidata.org/entity/Q34636,modernismo,http://www.wikidata.org/entity/Q428559,Museo de Montserrat,http://commons.wikimedia.org/wiki/Special:FilePath/GimenoMontserat.jpg
http://www.wikidata.org/entity/Q3035767,Don Diego del Corral y Arellano,http://www.wikidata.org/entity/Q297,Diego Velázquez,http://www.wikidata.org/entity/Q37853,barroco,http://www.wikidata.org/entity/Q160112,Museo del Prado,http://commons.wikimedia.org/wiki/Special:FilePath/Don%20Diego%20del%20Corral%20y%20Arellano%2C%20por%20Diego%20Vel%C3%A1zquez.jpg
http://www.wikidata.org/entity/Q3038404,Doña Antonia de Ipeñarrieta y Galdós y su hijo don Luis,http://www.wikidata.org/entity/Q297,Diego Velázquez,http://www.wikidata.org/entity/Q37853,barroco,http://www.wikidata.org/entity/Q160112,Museo del Prado,http://commons.wikimedia.org/wiki/Special:FilePath/Do%C3%B1a%20Antonia%20de%20Ipe%C3%B1arrieta%20y%20su%20hijo%2C%20by%20Diego%20Vel%C3%A1zquez.jpg
http://www.wikidata.org/entity/Q3540491,Cabeza de venado o guitarra,http://www.wikidata.org/entity/Q297,Diego Velázquez,http://www.wikidata.org/entity/Q37853,barroco,http://www.wikidata.org/entity/Q160112,Museo del Prado,http://commons.wikimedia.org/wiki/Special:FilePath/Vel%C3%A1zquez%20-%20Cabeza%20de%20venado%20%28Museo%20del%20Prado%2C%201626-28%29.jpg
http://www.wikidata.org/entity/Q3918296,Virgen del Rosario con el Niño,http://www.wikidata.org/entity/Q192062,Bartolomé Esteban Murillo,http://www.wikidata.org/entity/Q37853,barroco,http://www.wikidata.org/entity/Q160112,Museo del Prado,http://commons.wikimedia.org/wiki/Special:FilePath/Virgen%20del%20Rosario%20%28Murillo%29.jpg
http://www.wikidata.org/entity/Q11791669,La Inmaculada Concepción,http://www.wikidata.org/entity/Q209615,Francisco de Zurbarán,http://www.wikidata.org/entity/Q37853,barroco,http://www.wikidata.org/entity/Q160112,Museo del Prado,http://commons.wikimedia.org/wiki/Special:FilePath/Inmaculada%20%28Zurbar%C3%A1n%29.jpg
http://www.wikidata.org/entity/Q15943274,Santa Isabel de Portugal,http://www.wikidata.org/entity/Q209615,Francisco de Zurbarán,http://www.wikidata.org/entity/Q37853,barroco,http://www.wikidata.org/entity/Q160112,Museo del Prado,http://commons.wikimedia.org/wiki/Special:FilePath/Santa%20Isabel%20de%20Portugal.jpg
http://www.wikidata.org/entity/Q152867,La maja desnuda,http://www.wikidata.org/entity/Q5432,Francisco de Goya,http://www.wikidata.org/entity/Q37068,Romanticismo,http://www.wikidata.org/entity/Q160112,Museo del Prado,http://commons.wikimedia.org/wiki/Special:FilePath/Maja%20desnuda%20%28museo%20del%20Prado%29.jpg
http://www.wikidata.org/entity/Q920030,La familia de Carlos IV,http://www.wikidata.org/entity/Q5432,Francisco de Goya,http://www.wikidata.org/entity/Q37068,Romanticismo,http://www.wikidata.org/entity/Q160112,Museo del Prado,http://commons.wikimedia.org/wiki/Special:FilePath/La%20familia%20de%20Carlos%20IV%2C%20por%20Francisco%20de%20Goya.jpg
http://www.wikidata.org/entity/Q959628,Visión fantástica o Asmodea,http://www.wikidata.org/entity/Q5432,Francisco de Goya,http://www.wikidata.org/entity/Q37068,Romanticismo,http://www.wikidata.org/entity/Q160112,Museo del Prado,http://commons.wikimedia.org/wiki/Special:FilePath/Vision%20fant%C3%A1stica%20o%20Asmodea%20%28Goya%29.jpg
http://www.wikidata.org/entity/Q1091086,El tres de mayo de 1808 en Madrid,http://www.wikidata.org/entity/Q5432,Francisco de Goya,http://www.wikidata.org/entity/Q37068,Romanticismo,http://www.wikidata.org/entity/Q160112,Museo del Prado,http://commons.wikimedia.org/wiki/Special:FilePath/Francisco%20de%20Goya%20y%20Lucientes%20-%20Los%20fusilamientos%20del%20tres%20de%20mayo%20-%201814.jpg
http://www.wikidata.org/entity/Q1150997,Saturno devorando a su hijo,http://www.wikidata.org/entity/Q5432,Francisco de Goya,http://www.wikidata.org/entity/Q37068,Romanticismo,http://www.wikidata.org/entity/Q160112,Museo del Prado,http://commons.wikimedia.org/wiki/Special:FilePath/Francisco%20de%20Goya%2C%20Saturno%20devorando%20a%20su%20hijo%20%281819-1823%29.jpg
http://www.wikidata.org/entity/Q2413468,El coloso,http://www.wikidata.org/entity/Q5432,Francisco de Goya,http://www.wikidata.org/entity/Q37068,Romanticismo,http://www.wikidata.org/entity/Q160112,Museo del Prado,http://commons.wikimedia.org/wiki/Special:FilePath/El%20coloso.jpg
http://www.wikidata.org/entity/Q2528477,El aquelarre,http://www.wikidata.org/entity/Q5432,Francisco de Goya,http://www.wikidata.org/entity/Q37068,Romanticismo,http://www.wikidata.org/entity/Q160112,Museo del Prado,http://commons.wikimedia.org/wiki/Special:FilePath/El%20Aquelarre.jpg
http://www.wikidata.org/entity/Q3246755,La nevada,http://www.wikidata.org/entity/Q5432,Francisco de Goya,http://www.wikidata.org/entity/Q37068,Romanticismo,http://www.wikidata.org/entity/Q160112,Museo del Prado,http://commons.wikimedia.org/wiki/Special:FilePath/La%20nevada%2C%20Francisco%20de%20Goya.jpg
http://www.wikidata.org/entity/Q3314110,La romería de San Isidro,http://www.wikidata.org/entity/Q5432,Francisco de Goya,http://www.wikidata.org/entity/Q37068,Romanticismo,http://www.wikidata.org/entity/Q160112,Museo del Prado,http://commons.wikimedia.org/wiki/Special:FilePath/La%20romer%C3%ADa%20de%20San%20Isidro.jpg
http://www.wikidata.org/entity/Q5664591,Alegoría de la Industria,http://www.wikidata.org/entity/Q5432,Francisco de Goya,http://www.wikidata.org/entity/Q37068,Romanticismo,http://www.wikidata.org/entity/Q160112,Museo del Prado,http://commons.wikimedia.org/wiki/Special:FilePath/Alegor%C3%ADa%20de%20la%20industria.jpg
http://www.wikidata.org/entity/Q19915289,Fusilamiento de Torrijos y sus compañeros en las playas de Málaga,http://www.wikidata.org/entity/Q2298247,Antonio Gisbert,http://www.wikidata.org/entity/Q37068,Romanticismo,http://www.wikidata.org/entity/Q160112,Museo del Prado,http://commons.wikimedia.org/wiki/Special:FilePath/Fusilamiento%20de%20Torrijos%20%28Gisbert%29.jpg
http://www.wikidata.org/entity/Q6043567,Chicos en la playa,http://www.wikidata.org/entity/Q351746,Joaquín Sorolla,http://www.wikidata.org/entity/Q40415,impresionismo,http://www.wikidata.org/entity/Q160112,Museo del Prado,http://commons.wikimedia.org/wiki/Special:FilePath/Chicos%20en%20la%20playa%2C%20por%20Joaqu%C3%ADn%20Sorolla.jpg
http://www.wikidata.org/entity/Q31073823,El último día de Numancia,http://www.wikidata.org/entity/Q4714726,Alejo Vera,http://www.wikidata.org/entity/Q37068,Romanticismo,http://www.wikidata.org/entity/Q160112,Museo del Prado,http://commons.wikimedia.org/wiki/Special:FilePath/Numancia%20Alejo%20Vera%20Estaca%201881.jpg
http://www.wikidata.org/entity/Q208758,Las Meninas,http://www.wikidata.org/entity/Q297,Diego Velázquez,http://www.wikidata.org/entity/Q37853,barroco,http://www.wikidata.org/entity/Q160112,Museo del Prado,http://commons.wikimedia.org/wiki/Special:FilePath/Las%20Meninas%2C%20by%20Diego%20Vel%C3%A1zquez%2C%20from%20Prado%20in%20Google%20Earth.jpg
http://www.wikidata.org/entity/Q1115403,Felipe IV,http://www.wikidata.org/entity/Q297,Diego Velázquez,http://www.wikidata.org/entity/Q37853,barroco,http://www.wikidata.org/entity/Q160112,Museo del Prado,http://commons.wikimedia.org/wiki/Special:FilePath/Retrato%20de%20Felipe%20IV%20en%20armadura%2C%20by%20Diego%20Vel%C3%A1zquez.jpg
http://www.wikidata.org/entity/Q1133420,La rendición de Breda,http://www.wikidata.org/entity/Q297,Diego Velázquez,http://www.wikidata.org/entity/Q37853,barroco,http://www.wikidata.org/entity/Q160112,Museo del Prado,http://commons.wikimedia.org/wiki/Special:FilePath/Velazquez-The%20Surrender%20of%20Breda.jpg
http://www.wikidata.org/entity/Q59689172,Socorro de Brisach,http://www.wikidata.org/entity/Q5655766,Jusepe Leonardo,http://www.wikidata.org/entity/Q37853,barroco,http://www.wikidata.org/entity/Q160112,Museo del Prado,http://commons.wikimedia.org/wiki/Special:FilePath/Leonardo-socorro%20de%20brisach.jpg
http://www.wikidata.org/entity/Q59712135,Hércules vence al rey Gerión,http://www.wikidata.org/entity/Q209615,Francisco de Zurbarán,http://www.wikidata.org/entity/Q37853,barroco,http://www.wikidata.org/entity/Q160112,Museo del Prado,http://commons.wikimedia.org/wiki/Special:FilePath/H%C3%A9rcules%20vence%20al%20rey%20Geri%C3%B3n%2C%20por%20Zurbar%C3%A1n.jpg
http://www.wikidata.org/entity/Q167536,El gran masturbador,http://www.wikidata.org/entity/Q5577,Salvador Dalí,http://www.wikidata.org/entity/Q39427,surrealismo,http://www.wikidata.org/entity/Q460889,Museo Nacional Centro de Arte Reina Sofía,http://commons.wikimedia.org/wiki/Special:FilePath/El%20gran%20masturbador.jpg
http://www.wikidata.org/entity/Q175036,Guernica,http://www.wikidata.org/entity/Q5593,Pablo Picasso,http://www.wikidata.org/entity/Q39427,surrealismo,http://www.wikidata.org/entity/Q460889,Museo Nacional Centro de Arte Reina Sofía,http://commons.wikimedia.org/wiki/Special:FilePath/Mural%20del%20%22Guernica%22%20de%20Picasso.jpg
http://www.wikidata.org/entity/Q18924047,El baño del caballo,http://www.wikidata.org/entity/Q351746,Joaquín Sorolla,http://www.wikidata.org/entity/Q38166,arte moderno,http://www.wikidata.org/entity/Q1592523,Museo Sorolla,http://commons.wikimedia.org/wiki/Special:FilePath/Joaqu%C3%ADn%20Sorolla%20y%20Bastida%20-%20The%20Horse%E2%80%99s%20Bath%20-%20Google%20Art%20Project.jpg
http://www.wikidata.org/entity/Q24951450,"Carlos II, con armadura",http://www.wikidata.org/entity/Q833224,Juan Carreño de Miranda,http://www.wikidata.org/entity/Q37853,barroco,http://www.wikidata.org/entity/Q160112,Museo del Prado,http://commons.wikimedia.org/wiki/Special:FilePath/Juan%20Carreno%20de%20Miranda%20023.jpg
http://www.wikidata.org/entity/Q27700308,Inmaculada Concepción,http://www.wikidata.org/entity/Q209615,Francisco de Zurbarán,http://www.wikidata.org/entity/Q37853,barroco,http://www.wikidata.org/entity/Q160112,Museo del Prado,http://commons.wikimedia.org/wiki/Special:FilePath/Zurbar%C3%A1n%20-%20La%20Inmaculada%20Concepci%C3%B3n%2C%20Hacia%201635%2C%20P008214.jpg
http://www.wikidata.org/entity/Q27700855,Hércules y el toro de Creta,http://www.wikidata.org/entity/Q209615,Francisco de Zurbarán,http://www.wikidata.org/entity/Q37853,barroco,http://www.wikidata.org/entity/Q160112,Museo del Prado,http://commons.wikimedia.org/wiki/Special:FilePath/H%C3%A9rcules%20y%20el%20toro%20de%20Creta%2C%20por%20Zurbar%C3%A1n.jpg
http://www.wikidata.org/entity/Q27700857,El socorro de Génova por el II marqués de Santa Cruz,http://www.wikidata.org/entity/Q604088,Antonio de Pereda,http://www.wikidata.org/entity/Q37853,barroco,http://www.wikidata.org/entity/Q160112,Museo del Prado,http://commons.wikimedia.org/wiki/Special:FilePath/El%20socorro%20de%20G%C3%A9nova%20por%20el%20II%20marqu%C3%A9s%20de%20Santa%20Cruz%20%28Antonio%20de%20Pereda%29.jpg
http://www.wikidata.org/entity/Q27700859,Hércules y el jabalí de Erimanto,http://www.wikidata.org/entity/Q209615,Francisco de Zurbarán,http://www.wikidata.org/entity/Q37853,barroco,http://www.wikidata.org/entity/Q160112,Museo del Prado,http://commons.wikimedia.org/wiki/Special:FilePath/H%C3%A9rcules%20y%20el%20jabal%C3%AD%20de%20Erimanto%2C%20por%20Zurbar%C3%A1n.jpg
http://www.wikidata.org/entity/Q27700863,Hércules y el Cancerbero,http://www.wikidata.org/entity/Q209615,Francisco de Zurbarán,http://www.wikidata.org/entity/Q37853,barroco,http://www.wikidata.org/entity/Q160112,Museo del Prado,http://commons.wikimedia.org/wiki/Special:FilePath/H%C3%A9rcules%20y%20el%20Cancerbero%2C%20por%20Zurbar%C3%A1n.jpg
http://www.wikidata.org/entity/Q27700870,Hércules desvía el curso del río Alfeo,http://www.wikidata.org/entity/Q209615,Francisco de Zurbarán,http://www.wikidata.org/entity/Q37853,barroco,http://www.wikidata.org/entity/Q160112,Museo del Prado,http://commons.wikimedia.org/wiki/Special:FilePath/H%C3%A9rcules%20desv%C3%ADa%20el%20curso%20del%20r%C3%ADo%20Alfeo%2C%20por%20Zurbar%C3%A1n.jpg
http://www.wikidata.org/entity/Q27700873,La recuperación de San Juan de Puerto Rico,http://www.wikidata.org/entity/Q3059605,Eugenio Cajés,http://www.wikidata.org/entity/Q37853,barroco,http://www.wikidata.org/entity/Q160112,Museo del Prado,http://commons.wikimedia.org/wiki/Special:FilePath/La%20recuperaci%C3%B3n%20de%20la%20isla%20de%20Puerto%20Rico%20por%20el%20gobernador%20de%20la%20isla%2C%20Juan%20de%20Haro.%20Por%20Eugenio%20Caj%C3%A9s..jpg
http://www.wikidata.org/entity/Q27700875,Rendición de Juliers,http://www.wikidata.org/entity/Q5655766,Jusepe Leonardo,http://www.wikidata.org/entity/Q37853,barroco,http://www.wikidata.org/entity/Q160112,Museo del Prado,http://commons.wikimedia.org/wiki/Special:FilePath/La%20rendici%C3%B3n%20de%20Juliers.jpg
http://www.wikidata.org/entity/Q27700880,Hércules luchando con Anteo,http://www.wikidata.org/entity/Q209615,Francisco de Zurbarán,http://www.wikidata.org/entity/Q37853,barroco,http://www.wikidata.org/entity/Q160112,Museo del Prado,http://commons.wikimedia.org/wiki/Special:FilePath/H%C3%A9rcules%20luchando%20con%20Anteo%2C%20por%20Zurbar%C3%A1n.jpg
http://www.wikidata.org/entity/Q27700992,Martirio de Santiago,http://www.wikidata.org/entity/Q209615,Francisco de Zurbarán,http://www.wikidata.org/entity/Q37853,barroco,http://www.wikidata.org/entity/Q160112,Museo del Prado,http://commons.wikimedia.org/wiki/Special:FilePath/Zurbar%C3%A1n%20-%20Martirio%20de%20Santiago%2C%20Hacia%201640.jpg
http://www.wikidata.org/entity/Q27749719,Inmaculada Niña,http://www.wikidata.org/entity/Q209615,Francisco de Zurbarán,http://www.wikidata.org/entity/Q37853,barroco,http://www.wikidata.org/entity/Q160112,Museo del Prado,http://commons.wikimedia.org/wiki/Special:FilePath/Zurbar%C3%A1n%20-%20Delenda%2C%20248.png
http://www.wikidata.org/entity/Q27750513,San Francisco en oración,http://www.wikidata.org/entity/Q209615,Francisco de Zurbarán,http://www.wikidata.org/entity/Q37853,barroco,http://www.wikidata.org/entity/Q160112,Museo del Prado,http://commons.wikimedia.org/wiki/Special:FilePath/Zurbar%C3%A1n%20-%20San%20Francisco%20en%20oraci%C3%B3n%2C%201659.jpg
http://www.wikidata.org/entity/Q31187682,Recuperación de la isla de San Cristóbal,http://www.wikidata.org/entity/Q5442161,Félix Castelo,http://www.wikidata.org/entity/Q37853,barroco,http://www.wikidata.org/entity/Q160112,Museo del Prado,http://commons.wikimedia.org/wiki/Special:FilePath/Recuperaci%C3%B3n%20de%20la%20Isla%20de%20San%20Crist%C3%B3bal%20Lienzo.%20297%20x%20311%20cm.%20Museo%20del%20Prado.jpg
http://www.wikidata.org/entity/Q31187682,Recuperación de la isla de San Cristóbal,http://www.wikidata.org/entity/Q5442161,Félix Castelo,http://www.wikidata.org/entity/Q37853,barroco,http://www.wikidata.org/entity/Q160112,Museo del Prado,http://commons.wikimedia.org/wiki/Special:FilePath/Spanish%20capture%20of%20St%20Kitts.jpg
http://www.wikidata.org/entity/Q18924047,El baño del caballo,http://www.wikidata.org/entity/Q351746,Joaquín Sorolla,http://www.wikidata.org/entity/Q40415,impresionismo,http://www.wikidata.org/entity/Q1592523,Museo Sorolla,http://commons.wikimedia.org/wiki/Special:FilePath/Joaqu%C3%ADn%20Sorolla%20y%20Bastida%20-%20The%20Horse%E2%80%99s%20Bath%20-%20Google%20Art%20Project.jpg
http://www.wikidata.org/entity/Q20014451,Defensa del parque de artillería de Monteleón,http://www.wikidata.org/entity/Q351746,Joaquín Sorolla,http://www.wikidata.org/entity/Q40415,impresionismo,http://www.wikidata.org/entity/Q160112,Museo del Prado,http://commons.wikimedia.org/wiki/Special:FilePath/Dos%20de%20mayo%2C%20por%20Joaqu%C3%ADn%20Sorolla.jpg
http://www.wikidata.org/entity/Q27667725,¡Mira qué bonita era!,http://www.wikidata.org/entity/Q1712402,Julio Romero de Torres,http://www.wikidata.org/entity/Q40415,impresionismo,http://www.wikidata.org/entity/Q460889,Museo Nacional Centro de Arte Reina Sofía,http://commons.wikimedia.org/wiki/Special:FilePath/Mira%20que%20bonita%20era%20by%20Julio%20Romero%20de%20Torres.jpg
http://www.wikidata.org/entity/Q134619370,Violin and Fruit Dish,http://www.wikidata.org/entity/Q151152,Juan Gris,http://www.wikidata.org/entity/Q42934,cubismo,http://www.wikidata.org/entity/Q178065,Centro Pompidou,http://commons.wikimedia.org/wiki/Special:FilePath/Juan%20Gris%20-%20Violon%20et%20compotier%20%28Violin%20and%20Fruit%20Dish%29%20%281925%29.jpg
http://www.wikidata.org/entity/Q134619504,Harlequin Sitting with Guitar,http://www.wikidata.org/entity/Q151152,Juan Gris,http://www.wikidata.org/entity/Q42934,cubismo,http://www.wikidata.org/entity/Q178065,Centro Pompidou,http://commons.wikimedia.org/wiki/Special:FilePath/Juan%20Gris%20-%20Arlequin%20assis%20%C3%A0%20la%20guitare%20%281919%29.jpg
http://www.wikidata.org/entity/Q134619550,Pitcher and Fruit Bowl,http://www.wikidata.org/entity/Q151152,Juan Gris,http://www.wikidata.org/entity/Q42934,cubismo,http://www.wikidata.org/entity/Q178065,Centro Pompidou,http://commons.wikimedia.org/wiki/Special:FilePath/Juan%20Gris%20-%20Broc%20et%20compotier%20%28Pitcher%20and%20Fruit%20Bowl%29%20%281921%29.jpg
http://www.wikidata.org/entity/Q134619600,Man from Touraine,http://www.wikidata.org/entity/Q151152,Juan Gris,http://www.wikidata.org/entity/Q42934,cubismo,http://www.wikidata.org/entity/Q178065,Centro Pompidou,http://commons.wikimedia.org/wiki/Special:FilePath/Juan%20Gris%20-%20Le%20Tourangeau%20%28Man%20from%20Touraine%29%20%281918%29.jpg
http://www.wikidata.org/entity/Q134622913,Pierrot à la grappe,http://www.wikidata.org/entity/Q151152,Juan Gris,http://www.wikidata.org/entity/Q42934,cubismo,http://www.wikidata.org/entity/Q178065,Centro Pompidou,http://commons.wikimedia.org/wiki/Special:FilePath/Juan%20Gris%20-%20Pierrot%20%C3%A0%20la%20grappe%20%281919%29.jpg
http://www.wikidata.org/entity/Q134622939,Pierrot à la guitare,http://www.wikidata.org/entity/Q151152,Juan Gris,http://www.wikidata.org/entity/Q42934,cubismo,http://www.wikidata.org/entity/Q178065,Centro Pompidou,http://commons.wikimedia.org/wiki/Special:FilePath/Juan%20Gris%20-%20Pierrot%20%C3%A0%20la%20guitare%20%281919%29.jpg
http://www.wikidata.org/entity/Q134623081,Basket and Siphon,http://www.wikidata.org/entity/Q151152,Juan Gris,http://www.wikidata.org/entity/Q42934,cubismo,http://www.wikidata.org/entity/Q178065,Centro Pompidou,http://commons.wikimedia.org/wiki/Special:FilePath/Juan%20Gris%20-%20Panier%20et%20siphon%20%28Basket%20and%20Siphon%29%20%281925%29.jpg
http://www.wikidata.org/entity/Q175036,Guernica,http://www.wikidata.org/entity/Q5593,Pablo Picasso,http://www.wikidata.org/entity/Q42934,cubismo,http://www.wikidata.org/entity/Q460889,Museo Nacional Centro de Arte Reina Sofía,http://commons.wikimedia.org/wiki/Special:FilePath/Mural%20del%20%22Guernica%22%20de%20Picasso.jpg
http://www.wikidata.org/entity/Q6461080,La botella de anís,http://www.wikidata.org/entity/Q151152,Juan Gris,http://www.wikidata.org/entity/Q42934,cubismo,http://www.wikidata.org/entity/Q460889,Museo Nacional Centro de Arte Reina Sofía,http://commons.wikimedia.org/wiki/Special:FilePath/Juan%20Gris%20-%20La%20bouteille%20d%27anis%20-%20Google%20Art%20Project.jpg
http://www.wikidata.org/entity/Q5849818,La era,http://www.wikidata.org/entity/Q5432,Francisco de Goya,http://www.wikidata.org/entity/Q122960,Rococó,http://www.wikidata.org/entity/Q160112,Museo del Prado,http://commons.wikimedia.org/wiki/Special:FilePath/La%20era.jpg
http://www.wikidata.org/entity/Q60328813,Saint Matorel,http://www.wikidata.org/entity/Q151152,Juan Gris,http://www.wikidata.org/entity/Q42934,cubismo,http://www.wikidata.org/entity/Q178065,Centro Pompidou,http://commons.wikimedia.org/wiki/Special:FilePath/Nature%20morte%20au%20livre.jpg
http://www.wikidata.org/entity/Q60329141,The Breakfast,http://www.wikidata.org/entity/Q151152,Juan Gris,http://www.wikidata.org/entity/Q42934,cubismo,http://www.wikidata.org/entity/Q178065,Centro Pompidou,http://commons.wikimedia.org/wiki/Special:FilePath/Juan%20Gris%20-%20The%20Breakfast%20%28Le%20Petit%20D%C3%A9jeuner%29%20%281915%29.jpg
http://www.wikidata.org/entity/Q60406715,The Music Paper,http://www.wikidata.org/entity/Q151152,Juan Gris,http://www.wikidata.org/entity/Q42934,cubismo,http://www.wikidata.org/entity/Q178065,Centro Pompidou,http://commons.wikimedia.org/wiki/Special:FilePath/Juan%20Gris%20-%20Le%20papier%20%C3%A0%20musique%20%28Music%20Paper%29%20%281913-1914%29.jpg
http://www.wikidata.org/entity/Q60585385,The Book,http://www.wikidata.org/entity/Q151152,Juan Gris,http://www.wikidata.org/entity/Q42934,cubismo,http://www.wikidata.org/entity/Q178065,Centro Pompidou,http://commons.wikimedia.org/wiki/Special:FilePath/Le%20Livre.jpg
http://www.wikidata.org/entity/Q60595491,Naturaleza muerta sobre una silla,http://www.wikidata.org/entity/Q151152,Juan Gris,http://www.wikidata.org/entity/Q42934,cubismo,http://www.wikidata.org/entity/Q178065,Centro Pompidou,http://commons.wikimedia.org/wiki/Special:FilePath/Juan%20Gris%20-%20Nature%20morte%20sur%20une%20chaise%20%28Still%20Life%20on%20a%20Chair%29%20%281917%29.jpg
http://www.wikidata.org/entity/Q60596957,The Guitar,http://www.wikidata.org/entity/Q151152,Juan Gris,http://www.wikidata.org/entity/Q42934,cubismo,http://www.wikidata.org/entity/Q178065,Centro Pompidou,http://commons.wikimedia.org/wiki/Special:FilePath/La%20Guitare.jpg
http://www.wikidata.org/entity/Q110196728,Nature morte cubiste (Naturaleza muerta cubista),http://www.wikidata.org/entity/Q443779,María Blanchard,http://www.wikidata.org/entity/Q42934,cubismo,http://www.wikidata.org/entity/Q460889,Museo Nacional Centro de Arte Reina Sofía,http://commons.wikimedia.org/wiki/Special:FilePath/Mar%C3%ADa%20Blanchard%20MNCARS%20Madrid.jpg
http://www.wikidata.org/entity/Q111907801,La Alfombra azul,http://www.wikidata.org/entity/Q151152,Juan Gris,http://www.wikidata.org/entity/Q42934,cubismo,http://www.wikidata.org/entity/Q178065,Centro Pompidou,http://commons.wikimedia.org/wiki/Special:FilePath/Juan%20Gris%20-%20Le%20Tapis%20bleu%20%28The%20Blue%20Carpet%29%20%281925%29.jpg
http://www.wikidata.org/entity/Q125967116,Mujer con abanico,http://www.wikidata.org/entity/Q443779,María Blanchard,http://www.wikidata.org/entity/Q42934,cubismo,http://www.wikidata.org/entity/Q460889,Museo Nacional Centro de Arte Reina Sofía,http://commons.wikimedia.org/wiki/Special:FilePath/Woman%20with%20a%20Fan%2C%20by%20Maria%20Blanchard%2C%201916%2C%20oil%20on%20canvas%20-%20Museo%20Nacional%20Centro%20de%20Arte%20Reina%20Sof%C3%ADa%20-%20Madrid%2C%20Spain%20-%20DSC08510.JPG
http://www.wikidata.org/entity/Q3540491,Cabeza de venado o guitarra,http://www.wikidata.org/entity/Q297,Diego Velázquez,http://www.wikidata.org/entity/Q55995,naturalismo,http://www.wikidata.org/entity/Q160112,Museo del Prado,http://commons.wikimedia.org/wiki/Special:FilePath/Vel%C3%A1zquez%20-%20Cabeza%20de%20venado%20%28Museo%20del%20Prado%2C%201626-28%29.jpg
http://www.wikidata.org/entity/Q16615831,La Inmaculada Concepción (detalle),http://www.wikidata.org/entity/Q3109427,Jorge Manuel Theotocópuli,http://www.wikidata.org/entity/Q131808,manierismo,http://www.wikidata.org/entity/Q176251,Museo Nacional Thyssen-Bornemisza,http://commons.wikimedia.org/wiki/Special:FilePath/La%20Inmaculada%20Concepci%C3%B3n%2C%20de%20El%20Greco%20y%20su%20hijo%20%28Museo%20Thyssen-Bornemisza%29.jpg
http://www.wikidata.org/entity/Q211293,Retrato de Luis Buñuel,http://www.wikidata.org/entity/Q5577,Salvador Dalí,http://www.wikidata.org/entity/Q170292,clasicismo,http://www.wikidata.org/entity/Q460889,Museo Nacional Centro de Arte Reina Sofía,http://commons.wikimedia.org/wiki/Special:FilePath/Madrid%20%2849191190833%29.jpg
http://www.wikidata.org/entity/Q16549709,Clotilde sentada en un sofá,http://www.wikidata.org/entity/Q351746,Joaquín Sorolla,http://www.wikidata.org/entity/Q166713,posimpresionismo,http://www.wikidata.org/entity/Q1592523,Museo Sorolla,http://commons.wikimedia.org/wiki/Special:FilePath/Joaqu%C3%ADn%20Sorolla%20y%20Bastida%20-%20Clotilde%20seated%20on%20the%20Sofa%20-%20Google%20Art%20Project.jpg
http://www.wikidata.org/entity/Q18644289,La niña María Figueroa vestida de menina,http://www.wikidata.org/entity/Q351746,Joaquín Sorolla,http://www.wikidata.org/entity/Q166713,posimpresionismo,http://www.wikidata.org/entity/Q160112,Museo del Prado,http://commons.wikimedia.org/wiki/Special:FilePath/Joaqu%C3%ADn%20Sorolla%20-%20La%20ni%C3%B1a%20Mar%C3%ADa%20Figueroa%20vestida%20de%20menina.jpg
http://www.wikidata.org/entity/Q19251987,Instantánea,http://www.wikidata.org/entity/Q351746,Joaquín Sorolla,http://www.wikidata.org/entity/Q166713,posimpresionismo,http://www.wikidata.org/entity/Q1592523,Museo Sorolla,http://commons.wikimedia.org/wiki/Special:FilePath/Joaqu%C3%ADn%20Sorolla%20y%20Bastida%20-%20Capturing%20the%20moment%20-%20Google%20Art%20Project.jpg
http://www.wikidata.org/entity/Q19266848,Santa en oración,http://www.wikidata.org/entity/Q351746,Joaquín Sorolla,http://www.wikidata.org/entity/Q166713,posimpresionismo,http://www.wikidata.org/entity/Q160112,Museo del Prado,http://commons.wikimedia.org/wiki/Special:FilePath/Joaqu%C3%ADn%20Sorolla%20-%20Santa%20en%20oraci%C3%B3n.jpg
http://www.wikidata.org/entity/Q19266875,La bata rosa,http://www.wikidata.org/entity/Q351746,Joaquín Sorolla,http://www.wikidata.org/entity/Q166713,posimpresionismo,http://www.wikidata.org/entity/Q1592523,Museo Sorolla,http://commons.wikimedia.org/wiki/Special:FilePath/Joaqu%C3%ADn%20Sorolla%20y%20Bastida%20-%20The%20Pink%20Robe.%20After%20the%20Bath%20-%20Google%20Art%20Project.jpg
http://www.wikidata.org/entity/Q19266895,La actriz María Guerrero como «La dama boba»,http://www.wikidata.org/entity/Q351746,Joaquín Sorolla,http://www.wikidata.org/entity/Q166713,posimpresionismo,http://www.wikidata.org/entity/Q160112,Museo del Prado,http://commons.wikimedia.org/wiki/Special:FilePath/Joaqu%C3%ADn%20Sorolla%20-%20La%20actriz%20Mar%C3%ADa%20Guerrero%20como%20%27La%20Dama%20Boba.jpg
http://www.wikidata.org/entity/Q19735221,Saliendo del baño,http://www.wikidata.org/entity/Q351746,Joaquín Sorolla,http://www.wikidata.org/entity/Q166713,posimpresionismo,http://www.wikidata.org/entity/Q1592523,Museo Sorolla,http://commons.wikimedia.org/wiki/Special:FilePath/Joaqu%C3%ADn%20Sorolla%20y%20Bastida%20-%20After%20Bathing%20-%20Google%20Art%20Project.jpg
http://www.wikidata.org/entity/Q21045432,Autorretrato Joaquín Sorolla,http://www.wikidata.org/entity/Q351746,Joaquín Sorolla,http://www.wikidata.org/entity/Q166713,posimpresionismo,http://www.wikidata.org/entity/Q1592523,Museo Sorolla,http://commons.wikimedia.org/wiki/Special:FilePath/Joaqu%C3%ADn%20Sorolla%20y%20Bastida%20-%20Self%20Portrait%20-%20Google%20Art%20Project.jpg
http://www.wikidata.org/entity/Q59313447,"Saltando a la comba, La Granja",http://www.wikidata.org/entity/Q351746,Joaquín Sorolla,http://www.wikidata.org/entity/Q166713,posimpresionismo,http://www.wikidata.org/entity/Q1592523,Museo Sorolla,http://commons.wikimedia.org/wiki/Special:FilePath/Joaqu%C3%ADn%20Sorolla%20y%20Bastida%20-%20The%20Skipping%20Rope%20-%20Google%20Art%20Project.jpg
http://www.wikidata.org/entity/Q59460976,El Baño en la Granja,http://www.wikidata.org/entity/Q351746,Joaquín Sorolla,http://www.wikidata.org/entity/Q166713,posimpresionismo,http://www.wikidata.org/entity/Q1592523,Museo Sorolla,http://commons.wikimedia.org/wiki/Special:FilePath/Museo%20Sorolla%20-%2000798%20-%20El%20ba%C3%B1o%20en%20La%20Granja.jpg
http://www.wikidata.org/entity/Q59492186,El niño de la barquita,http://www.wikidata.org/entity/Q351746,Joaquín Sorolla,http://www.wikidata.org/entity/Q166713,posimpresionismo,http://www.wikidata.org/entity/Q1592523,Museo Sorolla,http://commons.wikimedia.org/wiki/Special:FilePath/Museo%20Sorolla%20-%2000666%20-%20El%20ni%C3%B1o%20de%20la%20barquita.jpg
http://www.wikidata.org/entity/Q59550260,El Balandrito,http://www.wikidata.org/entity/Q351746,Joaquín Sorolla,http://www.wikidata.org/entity/Q166713,posimpresionismo,http://www.wikidata.org/entity/Q1592523,Museo Sorolla,http://commons.wikimedia.org/wiki/Special:FilePath/Joaqu%C3%ADn%20Sorolla%20y%20Bastida%20-%20The%20Little%20Sailing%20Boat%20-%20Google%20Art%20Project.jpg
http://www.wikidata.org/entity/Q111907801,La Alfombra azul,http://www.wikidata.org/entity/Q151152,Juan Gris,http://www.wikidata.org/entity/Q478774,purismo vanguardista,http://www.wikidata.org/entity/Q178065,Centro Pompidou,http://commons.wikimedia.org/wiki/Special:FilePath/Juan%20Gris%20-%20Le%20Tapis%20bleu%20%28The%20Blue%20Carpet%29%20%281925%29.jpg
http://www.wikidata.org/entity/Q134619370,Violin and Fruit Dish,http://www.wikidata.org/entity/Q151152,Juan Gris,http://www.wikidata.org/entity/Q478774,purismo vanguardista,http://www.wikidata.org/entity/Q178065,Centro Pompidou,http://commons.wikimedia.org/wiki/Special:FilePath/Juan%20Gris%20-%20Violon%20et%20compotier%20%28Violin%20and%20Fruit%20Dish%29%20%281925%29.jpg
http://www.wikidata.org/entity/Q134623081,Basket and Siphon,http://www.wikidata.org/entity/Q151152,Juan Gris,http://www.wikidata.org/entity/Q478774,purismo vanguardista,http://www.wikidata.org/entity/Q178065,Centro Pompidou,http://commons.wikimedia.org/wiki/Special:FilePath/Juan%20Gris%20-%20Panier%20et%20siphon%20%28Basket%20and%20Siphon%29%20%281925%29.jpg
http://www.wikidata.org/entity/Q3543898,Cristo crucificado,http://www.wikidata.org/entity/Q5432,Francisco de Goya,http://www.wikidata.org/entity/Q577147,pintura neoclásica,http://www.wikidata.org/entity/Q160112,Museo del Prado,http://commons.wikimedia.org/wiki/Special:FilePath/Cristo%20en%20la%20cruz%20%28Goya%29.jpg
http://www.wikidata.org/entity/Q780930,Mercurio y Argos,http://www.wikidata.org/entity/Q297,Diego Velázquez,http://www.wikidata.org/entity/Q808561,pintura del Barroco,http://www.wikidata.org/entity/Q160112,Museo del Prado,http://commons.wikimedia.org/wiki/Special:FilePath/F%C3%A1bula%20de%20Mercurio%20y%20Argos%2C%20by%20Diego%20Vel%C3%A1zquez.jpg
http://www.wikidata.org/entity/Q9015019,Joven decadente,http://www.wikidata.org/entity/Q725681,Ramón Casas,http://www.wikidata.org/entity/Q1122677,modernismo catalán,http://www.wikidata.org/entity/Q428559,Museo de Montserrat,http://commons.wikimedia.org/wiki/Special:FilePath/Jove%20decadent.jpg
http://www.wikidata.org/entity/Q11679864,Antes del baño,http://www.wikidata.org/entity/Q725681,Ramón Casas,http://www.wikidata.org/entity/Q1122677,modernismo catalán,http://www.wikidata.org/entity/Q428559,Museo de Montserrat,http://commons.wikimedia.org/wiki/Special:FilePath/Abans%20del%20bany.jpg
http://www.wikidata.org/entity/Q27780843,La Canal de Mancorbo en los Picos de Europa,http://www.wikidata.org/entity/Q1043318,Carlos de Haes,http://www.wikidata.org/entity/Q10857409,realismo,http://www.wikidata.org/entity/Q160112,Museo del Prado,http://commons.wikimedia.org/wiki/Special:FilePath/Carlos%20de%20Haes%20-%20Los%20picos%20de%20Europa.jpg
